observability,estimator,threshold,flip_rate
1.0,naive_delivered_vs_control,0.25,0.0
1.0,naive_delivered_vs_control,0.5,0.0
1.0,naive_delivered_vs_control,0.75,0.0
1.0,naive_delivered_vs_control,0.9,0.0
1.0,naive_delivered_vs_control,1.0,0.0
1.0,naive_delivered_vs_control,1.1,1.0
1.0,naive_delivered_vs_control,1.25,1.0
1.0,naive_delivered_vs_control,1.5,1.0
1.0,itt,0.25,0.0
1.0,itt,0.5,0.0
1.0,itt,0.75,0.0
1.0,itt,0.9,0.3333333333333333
1.0,itt,1.0,0.75
1.0,itt,1.1,0.16666666666666666
1.0,itt,1.25,0.08333333333333333
1.0,itt,1.5,0.0
1.0,late,0.25,0.0
1.0,late,0.5,0.0
1.0,late,0.75,0.0
1.0,late,0.9,0.3333333333333333
1.0,late,1.0,0.75
1.0,late,1.1,0.16666666666666666
1.0,late,1.25,0.08333333333333333
1.0,late,1.5,0.0
1.0,level1_logistic,0.25,0.0
1.0,level1_logistic,0.5,0.0
1.0,level1_logistic,0.75,0.0
1.0,level1_logistic,0.9,0.0
1.0,level1_logistic,1.0,0.0
1.0,level1_logistic,1.1,0.75
1.0,level1_logistic,1.25,0.0
1.0,level1_logistic,1.5,0.0
1.0,level2_boosted@def,0.25,0.0
1.0,level2_boosted@def,0.5,0.0
1.0,level2_boosted@def,0.75,0.0
1.0,level2_boosted@def,0.9,0.0
1.0,level2_boosted@def,1.0,0.16666666666666666
1.0,level2_boosted@def,1.1,0.4166666666666667
1.0,level2_boosted@def,1.25,0.0
1.0,level2_boosted@def,1.5,0.0
1.0,level2_boosted_calibrated@def,0.25,0.0
1.0,level2_boosted_calibrated@def,0.5,0.0
1.0,level2_boosted_calibrated@def,0.75,0.0
1.0,level2_boosted_calibrated@def,0.9,0.0
1.0,level2_boosted_calibrated@def,1.0,0.0
1.0,level2_boosted_calibrated@def,1.1,1.0
1.0,level2_boosted_calibrated@def,1.25,1.0
1.0,level2_boosted_calibrated@def,1.5,0.8333333333333334
1.0,level3_aipw_plain@def,0.25,0.0
1.0,level3_aipw_plain@def,0.5,0.0
1.0,level3_aipw_plain@def,0.75,0.0
1.0,level3_aipw_plain@def,0.9,0.0
1.0,level3_aipw_plain@def,1.0,0.0
1.0,level3_aipw_plain@def,1.1,0.75
1.0,level3_aipw_plain@def,1.25,0.16666666666666666
1.0,level3_aipw_plain@def,1.5,0.16666666666666666
1.0,level3_aipw_hajek@def,0.25,0.0
1.0,level3_aipw_hajek@def,0.5,0.0
1.0,level3_aipw_hajek@def,0.75,0.0
1.0,level3_aipw_hajek@def,0.9,0.0
1.0,level3_aipw_hajek@def,1.0,0.25
1.0,level3_aipw_hajek@def,1.1,0.4166666666666667
1.0,level3_aipw_hajek@def,1.25,0.08333333333333333
1.0,level3_aipw_hajek@def,1.5,0.08333333333333333
1.0,level2_boosted@sel,0.25,0.0
1.0,level2_boosted@sel,0.5,0.0
1.0,level2_boosted@sel,0.75,0.0
1.0,level2_boosted@sel,0.9,0.0
1.0,level2_boosted@sel,1.0,0.0
1.0,level2_boosted@sel,1.1,1.0
1.0,level2_boosted@sel,1.25,0.16666666666666666
1.0,level2_boosted@sel,1.5,0.0
1.0,level2_boosted_calibrated@sel,0.25,0.0
1.0,level2_boosted_calibrated@sel,0.5,0.0
1.0,level2_boosted_calibrated@sel,0.75,0.0
1.0,level2_boosted_calibrated@sel,0.9,0.0
1.0,level2_boosted_calibrated@sel,1.0,0.0
1.0,level2_boosted_calibrated@sel,1.1,1.0
1.0,level2_boosted_calibrated@sel,1.25,0.6666666666666666
1.0,level2_boosted_calibrated@sel,1.5,0.0
1.0,level3_aipw_plain@sel,0.25,0.0
1.0,level3_aipw_plain@sel,0.5,0.0
1.0,level3_aipw_plain@sel,0.75,0.0
1.0,level3_aipw_plain@sel,0.9,0.0
1.0,level3_aipw_plain@sel,1.0,0.0
1.0,level3_aipw_plain@sel,1.1,0.4166666666666667
1.0,level3_aipw_plain@sel,1.25,0.0
1.0,level3_aipw_plain@sel,1.5,0.0
1.0,level3_aipw_hajek@sel,0.25,0.0
1.0,level3_aipw_hajek@sel,0.5,0.0
1.0,level3_aipw_hajek@sel,0.75,0.0
1.0,level3_aipw_hajek@sel,0.9,0.0
1.0,level3_aipw_hajek@sel,1.0,0.0
1.0,level3_aipw_hajek@sel,1.1,0.4166666666666667
1.0,level3_aipw_hajek@sel,1.25,0.0
1.0,level3_aipw_hajek@sel,1.5,0.0
0.95,naive_delivered_vs_control,0.25,0.0
0.95,naive_delivered_vs_control,0.5,0.0
0.95,naive_delivered_vs_control,0.75,0.0
0.95,naive_delivered_vs_control,0.9,0.0
0.95,naive_delivered_vs_control,1.0,0.0
0.95,naive_delivered_vs_control,1.1,1.0
0.95,naive_delivered_vs_control,1.25,1.0
0.95,naive_delivered_vs_control,1.5,1.0
0.95,itt,0.25,0.0
0.95,itt,0.5,0.0
0.95,itt,0.75,0.08333333333333333
0.95,itt,0.9,0.3333333333333333
0.95,itt,1.0,0.5833333333333334
0.95,itt,1.1,0.25
0.95,itt,1.25,0.0
0.95,itt,1.5,0.0
0.95,late,0.25,0.0
0.95,late,0.5,0.0
0.95,late,0.75,0.08333333333333333
0.95,late,0.9,0.3333333333333333
0.95,late,1.0,0.5833333333333334
0.95,late,1.1,0.25
0.95,late,1.25,0.0
0.95,late,1.5,0.0
0.95,level1_logistic,0.25,0.0
0.95,level1_logistic,0.5,0.0
0.95,level1_logistic,0.75,0.0
0.95,level1_logistic,0.9,0.0
0.95,level1_logistic,1.0,0.0
0.95,level1_logistic,1.1,1.0
0.95,level1_logistic,1.25,0.4166666666666667
0.95,level1_logistic,1.5,0.0
0.95,level2_boosted@def,0.25,0.0
0.95,level2_boosted@def,0.5,0.0
0.95,level2_boosted@def,0.75,0.0
0.95,level2_boosted@def,0.9,0.0
0.95,level2_boosted@def,1.0,0.0
0.95,level2_boosted@def,1.1,0.75
0.95,level2_boosted@def,1.25,0.08333333333333333
0.95,level2_boosted@def,1.5,0.0
0.95,level2_boosted_calibrated@def,0.25,0.0
0.95,level2_boosted_calibrated@def,0.5,0.0
0.95,level2_boosted_calibrated@def,0.75,0.0
0.95,level2_boosted_calibrated@def,0.9,0.0
0.95,level2_boosted_calibrated@def,1.0,0.0
0.95,level2_boosted_calibrated@def,1.1,1.0
0.95,level2_boosted_calibrated@def,1.25,1.0
0.95,level2_boosted_calibrated@def,1.5,0.8333333333333334
0.95,level3_aipw_plain@def,0.25,0.0
0.95,level3_aipw_plain@def,0.5,0.0
0.95,level3_aipw_plain@def,0.75,0.0
0.95,level3_aipw_plain@def,0.9,0.0
0.95,level3_aipw_plain@def,1.0,0.0
0.95,level3_aipw_plain@def,1.1,1.0
0.95,level3_aipw_plain@def,1.25,0.3333333333333333
0.95,level3_aipw_plain@def,1.5,0.25
0.95,level3_aipw_hajek@def,0.25,0.0
0.95,level3_aipw_hajek@def,0.5,0.0
0.95,level3_aipw_hajek@def,0.75,0.0
0.95,level3_aipw_hajek@def,0.9,0.0
0.95,level3_aipw_hajek@def,1.0,0.0
0.95,level3_aipw_hajek@def,1.1,0.8333333333333334
0.95,level3_aipw_hajek@def,1.25,0.16666666666666666
0.95,level3_aipw_hajek@def,1.5,0.08333333333333333
0.95,level2_boosted@sel,0.25,0.0
0.95,level2_boosted@sel,0.5,0.0
0.95,level2_boosted@sel,0.75,0.0
0.95,level2_boosted@sel,0.9,0.0
0.95,level2_boosted@sel,1.0,0.0
0.95,level2_boosted@sel,1.1,1.0
0.95,level2_boosted@sel,1.25,0.5
0.95,level2_boosted@sel,1.5,0.0
0.95,level2_boosted_calibrated@sel,0.25,0.0
0.95,level2_boosted_calibrated@sel,0.5,0.0
0.95,level2_boosted_calibrated@sel,0.75,0.0
0.95,level2_boosted_calibrated@sel,0.9,0.0
0.95,level2_boosted_calibrated@sel,1.0,0.0
0.95,level2_boosted_calibrated@sel,1.1,1.0
0.95,level2_boosted_calibrated@sel,1.25,0.9166666666666666
0.95,level2_boosted_calibrated@sel,1.5,0.0
0.95,level3_aipw_plain@sel,0.25,0.0
0.95,level3_aipw_plain@sel,0.5,0.0
0.95,level3_aipw_plain@sel,0.75,0.0
0.95,level3_aipw_plain@sel,0.9,0.0
0.95,level3_aipw_plain@sel,1.0,0.0
0.95,level3_aipw_plain@sel,1.1,0.9166666666666666
0.95,level3_aipw_plain@sel,1.25,0.08333333333333333
0.95,level3_aipw_plain@sel,1.5,0.0
0.95,level3_aipw_hajek@sel,0.25,0.0
0.95,level3_aipw_hajek@sel,0.5,0.0
0.95,level3_aipw_hajek@sel,0.75,0.0
0.95,level3_aipw_hajek@sel,0.9,0.0
0.95,level3_aipw_hajek@sel,1.0,0.0
0.95,level3_aipw_hajek@sel,1.1,0.9166666666666666
0.95,level3_aipw_hajek@sel,1.25,0.08333333333333333
0.95,level3_aipw_hajek@sel,1.5,0.0
0.9,naive_delivered_vs_control,0.25,0.0
0.9,naive_delivered_vs_control,0.5,0.0
0.9,naive_delivered_vs_control,0.75,0.0
0.9,naive_delivered_vs_control,0.9,0.0
0.9,naive_delivered_vs_control,1.0,0.0
0.9,naive_delivered_vs_control,1.1,1.0
0.9,naive_delivered_vs_control,1.25,1.0
0.9,naive_delivered_vs_control,1.5,1.0
0.9,itt,0.25,0.0
0.9,itt,0.5,0.0
0.9,itt,0.75,0.0
0.9,itt,0.9,0.0
0.9,itt,1.0,0.08333333333333333
0.9,itt,1.1,0.6666666666666666
0.9,itt,1.25,0.08333333333333333
0.9,itt,1.5,0.0
0.9,late,0.25,0.0
0.9,late,0.5,0.0
0.9,late,0.75,0.0
0.9,late,0.9,0.0
0.9,late,1.0,0.08333333333333333
0.9,late,1.1,0.5833333333333334
0.9,late,1.25,0.08333333333333333
0.9,late,1.5,0.0
0.9,level1_logistic,0.25,0.0
0.9,level1_logistic,0.5,0.0
0.9,level1_logistic,0.75,0.0
0.9,level1_logistic,0.9,0.0
0.9,level1_logistic,1.0,0.0
0.9,level1_logistic,1.1,1.0
0.9,level1_logistic,1.25,0.6666666666666666
0.9,level1_logistic,1.5,0.0
0.9,level2_boosted@def,0.25,0.0
0.9,level2_boosted@def,0.5,0.0
0.9,level2_boosted@def,0.75,0.0
0.9,level2_boosted@def,0.9,0.0
0.9,level2_boosted@def,1.0,0.0
0.9,level2_boosted@def,1.1,1.0
0.9,level2_boosted@def,1.25,0.3333333333333333
0.9,level2_boosted@def,1.5,0.0
0.9,level2_boosted_calibrated@def,0.25,0.0
0.9,level2_boosted_calibrated@def,0.5,0.0
0.9,level2_boosted_calibrated@def,0.75,0.0
0.9,level2_boosted_calibrated@def,0.9,0.0
0.9,level2_boosted_calibrated@def,1.0,0.0
0.9,level2_boosted_calibrated@def,1.1,1.0
0.9,level2_boosted_calibrated@def,1.25,1.0
0.9,level2_boosted_calibrated@def,1.5,1.0
0.9,level3_aipw_plain@def,0.25,0.0
0.9,level3_aipw_plain@def,0.5,0.0
0.9,level3_aipw_plain@def,0.75,0.0
0.9,level3_aipw_plain@def,0.9,0.0
0.9,level3_aipw_plain@def,1.0,0.0
0.9,level3_aipw_plain@def,1.1,1.0
0.9,level3_aipw_plain@def,1.25,0.6666666666666666
0.9,level3_aipw_plain@def,1.5,0.0
0.9,level3_aipw_hajek@def,0.25,0.0
0.9,level3_aipw_hajek@def,0.5,0.0
0.9,level3_aipw_hajek@def,0.75,0.0
0.9,level3_aipw_hajek@def,0.9,0.0
0.9,level3_aipw_hajek@def,1.0,0.0
0.9,level3_aipw_hajek@def,1.1,1.0
0.9,level3_aipw_hajek@def,1.25,0.5
0.9,level3_aipw_hajek@def,1.5,0.0
0.9,level2_boosted@sel,0.25,0.0
0.9,level2_boosted@sel,0.5,0.0
0.9,level2_boosted@sel,0.75,0.0
0.9,level2_boosted@sel,0.9,0.0
0.9,level2_boosted@sel,1.0,0.0
0.9,level2_boosted@sel,1.1,1.0
0.9,level2_boosted@sel,1.25,1.0
0.9,level2_boosted@sel,1.5,0.0
0.9,level2_boosted_calibrated@sel,0.25,0.0
0.9,level2_boosted_calibrated@sel,0.5,0.0
0.9,level2_boosted_calibrated@sel,0.75,0.0
0.9,level2_boosted_calibrated@sel,0.9,0.0
0.9,level2_boosted_calibrated@sel,1.0,0.0
0.9,level2_boosted_calibrated@sel,1.1,1.0
0.9,level2_boosted_calibrated@sel,1.25,1.0
0.9,level2_boosted_calibrated@sel,1.5,0.0
0.9,level3_aipw_plain@sel,0.25,0.0
0.9,level3_aipw_plain@sel,0.5,0.0
0.9,level3_aipw_plain@sel,0.75,0.0
0.9,level3_aipw_plain@sel,0.9,0.0
0.9,level3_aipw_plain@sel,1.0,0.0
0.9,level3_aipw_plain@sel,1.1,1.0
0.9,level3_aipw_plain@sel,1.25,0.6666666666666666
0.9,level3_aipw_plain@sel,1.5,0.0
0.9,level3_aipw_hajek@sel,0.25,0.0
0.9,level3_aipw_hajek@sel,0.5,0.0
0.9,level3_aipw_hajek@sel,0.75,0.0
0.9,level3_aipw_hajek@sel,0.9,0.0
0.9,level3_aipw_hajek@sel,1.0,0.0
0.9,level3_aipw_hajek@sel,1.1,1.0
0.9,level3_aipw_hajek@sel,1.25,0.6666666666666666
0.9,level3_aipw_hajek@sel,1.5,0.0
0.85,naive_delivered_vs_control,0.25,0.0
0.85,naive_delivered_vs_control,0.5,0.0
0.85,naive_delivered_vs_control,0.75,0.0
0.85,naive_delivered_vs_control,0.9,0.0
0.85,naive_delivered_vs_control,1.0,0.0
0.85,naive_delivered_vs_control,1.1,1.0
0.85,naive_delivered_vs_control,1.25,1.0
0.85,naive_delivered_vs_control,1.5,1.0
0.85,itt,0.25,0.0
0.85,itt,0.5,0.0
0.85,itt,0.75,0.08333333333333333
0.85,itt,0.9,0.08333333333333333
0.85,itt,1.0,0.25
0.85,itt,1.1,0.25
0.85,itt,1.25,0.16666666666666666
0.85,itt,1.5,0.0
0.85,late,0.25,0.0
0.85,late,0.5,0.0
0.85,late,0.75,0.08333333333333333
0.85,late,0.9,0.08333333333333333
0.85,late,1.0,0.25
0.85,late,1.1,0.25
0.85,late,1.25,0.16666666666666666
0.85,late,1.5,0.0
0.85,level1_logistic,0.25,0.0
0.85,level1_logistic,0.5,0.0
0.85,level1_logistic,0.75,0.0
0.85,level1_logistic,0.9,0.0
0.85,level1_logistic,1.0,0.0
0.85,level1_logistic,1.1,1.0
0.85,level1_logistic,1.25,1.0
0.85,level1_logistic,1.5,0.0
0.85,level2_boosted@def,0.25,0.0
0.85,level2_boosted@def,0.5,0.0
0.85,level2_boosted@def,0.75,0.0
0.85,level2_boosted@def,0.9,0.0
0.85,level2_boosted@def,1.0,0.0
0.85,level2_boosted@def,1.1,1.0
0.85,level2_boosted@def,1.25,0.75
0.85,level2_boosted@def,1.5,0.0
0.85,level2_boosted_calibrated@def,0.25,0.0
0.85,level2_boosted_calibrated@def,0.5,0.0
0.85,level2_boosted_calibrated@def,0.75,0.0
0.85,level2_boosted_calibrated@def,0.9,0.0
0.85,level2_boosted_calibrated@def,1.0,0.0
0.85,level2_boosted_calibrated@def,1.1,1.0
0.85,level2_boosted_calibrated@def,1.25,1.0
0.85,level2_boosted_calibrated@def,1.5,1.0
0.85,level3_aipw_plain@def,0.25,0.08333333333333333
0.85,level3_aipw_plain@def,0.5,0.08333333333333333
0.85,level3_aipw_plain@def,0.75,0.08333333333333333
0.85,level3_aipw_plain@def,0.9,0.08333333333333333
0.85,level3_aipw_plain@def,1.0,0.08333333333333333
0.85,level3_aipw_plain@def,1.1,0.9166666666666666
0.85,level3_aipw_plain@def,1.25,0.9166666666666666
0.85,level3_aipw_plain@def,1.5,0.08333333333333333
0.85,level3_aipw_hajek@def,0.25,0.0
0.85,level3_aipw_hajek@def,0.5,0.0
0.85,level3_aipw_hajek@def,0.75,0.0
0.85,level3_aipw_hajek@def,0.9,0.08333333333333333
0.85,level3_aipw_hajek@def,1.0,0.08333333333333333
0.85,level3_aipw_hajek@def,1.1,0.9166666666666666
0.85,level3_aipw_hajek@def,1.25,0.8333333333333334
0.85,level3_aipw_hajek@def,1.5,0.08333333333333333
0.85,level2_boosted@sel,0.25,0.0
0.85,level2_boosted@sel,0.5,0.0
0.85,level2_boosted@sel,0.75,0.0
0.85,level2_boosted@sel,0.9,0.0
0.85,level2_boosted@sel,1.0,0.0
0.85,level2_boosted@sel,1.1,1.0
0.85,level2_boosted@sel,1.25,1.0
0.85,level2_boosted@sel,1.5,0.0
0.85,level2_boosted_calibrated@sel,0.25,0.0
0.85,level2_boosted_calibrated@sel,0.5,0.0
0.85,level2_boosted_calibrated@sel,0.75,0.0
0.85,level2_boosted_calibrated@sel,0.9,0.0
0.85,level2_boosted_calibrated@sel,1.0,0.0
0.85,level2_boosted_calibrated@sel,1.1,1.0
0.85,level2_boosted_calibrated@sel,1.25,1.0
0.85,level2_boosted_calibrated@sel,1.5,0.0
0.85,level3_aipw_plain@sel,0.25,0.0
0.85,level3_aipw_plain@sel,0.5,0.0
0.85,level3_aipw_plain@sel,0.75,0.0
0.85,level3_aipw_plain@sel,0.9,0.0
0.85,level3_aipw_plain@sel,1.0,0.0
0.85,level3_aipw_plain@sel,1.1,1.0
0.85,level3_aipw_plain@sel,1.25,0.9166666666666666
0.85,level3_aipw_plain@sel,1.5,0.0
0.85,level3_aipw_hajek@sel,0.25,0.0
0.85,level3_aipw_hajek@sel,0.5,0.0
0.85,level3_aipw_hajek@sel,0.75,0.0
0.85,level3_aipw_hajek@sel,0.9,0.0
0.85,level3_aipw_hajek@sel,1.0,0.0
0.85,level3_aipw_hajek@sel,1.1,1.0
0.85,level3_aipw_hajek@sel,1.25,0.9166666666666666
0.85,level3_aipw_hajek@sel,1.5,0.0
0.8,naive_delivered_vs_control,0.25,0.0
0.8,naive_delivered_vs_control,0.5,0.0
0.8,naive_delivered_vs_control,0.75,0.0
0.8,naive_delivered_vs_control,0.9,0.0
0.8,naive_delivered_vs_control,1.0,0.0
0.8,naive_delivered_vs_control,1.1,1.0
0.8,naive_delivered_vs_control,1.25,1.0
0.8,naive_delivered_vs_control,1.5,1.0
0.8,itt,0.25,0.0
0.8,itt,0.5,0.0
0.8,itt,0.75,0.0
0.8,itt,0.9,0.08333333333333333
0.8,itt,1.0,0.5
0.8,itt,1.1,0.3333333333333333
0.8,itt,1.25,0.0
0.8,itt,1.5,0.0
0.8,late,0.25,0.0
0.8,late,0.5,0.0
0.8,late,0.75,0.0
0.8,late,0.9,0.08333333333333333
0.8,late,1.0,0.5
0.8,late,1.1,0.3333333333333333
0.8,late,1.25,0.0
0.8,late,1.5,0.0
0.8,level1_logistic,0.25,0.0
0.8,level1_logistic,0.5,0.0
0.8,level1_logistic,0.75,0.0
0.8,level1_logistic,0.9,0.0
0.8,level1_logistic,1.0,0.0
0.8,level1_logistic,1.1,1.0
0.8,level1_logistic,1.25,1.0
0.8,level1_logistic,1.5,0.0
0.8,level2_boosted@def,0.25,0.0
0.8,level2_boosted@def,0.5,0.0
0.8,level2_boosted@def,0.75,0.0
0.8,level2_boosted@def,0.9,0.0
0.8,level2_boosted@def,1.0,0.0
0.8,level2_boosted@def,1.1,1.0
0.8,level2_boosted@def,1.25,1.0
0.8,level2_boosted@def,1.5,0.0
0.8,level2_boosted_calibrated@def,0.25,0.0
0.8,level2_boosted_calibrated@def,0.5,0.0
0.8,level2_boosted_calibrated@def,0.75,0.0
0.8,level2_boosted_calibrated@def,0.9,0.0
0.8,level2_boosted_calibrated@def,1.0,0.0
0.8,level2_boosted_calibrated@def,1.1,1.0
0.8,level2_boosted_calibrated@def,1.25,1.0
0.8,level2_boosted_calibrated@def,1.5,1.0
0.8,level3_aipw_plain@def,0.25,0.0
0.8,level3_aipw_plain@def,0.5,0.0
0.8,level3_aipw_plain@def,0.75,0.0
0.8,level3_aipw_plain@def,0.9,0.0
0.8,level3_aipw_plain@def,1.0,0.0
0.8,level3_aipw_plain@def,1.1,1.0
0.8,level3_aipw_plain@def,1.25,1.0
0.8,level3_aipw_plain@def,1.5,0.08333333333333333
0.8,level3_aipw_hajek@def,0.25,0.0
0.8,level3_aipw_hajek@def,0.5,0.0
0.8,level3_aipw_hajek@def,0.75,0.0
0.8,level3_aipw_hajek@def,0.9,0.0
0.8,level3_aipw_hajek@def,1.0,0.0
0.8,level3_aipw_hajek@def,1.1,1.0
0.8,level3_aipw_hajek@def,1.25,1.0
0.8,level3_aipw_hajek@def,1.5,0.08333333333333333
0.8,level2_boosted@sel,0.25,0.0
0.8,level2_boosted@sel,0.5,0.0
0.8,level2_boosted@sel,0.75,0.0
0.8,level2_boosted@sel,0.9,0.0
0.8,level2_boosted@sel,1.0,0.0
0.8,level2_boosted@sel,1.1,1.0
0.8,level2_boosted@sel,1.25,1.0
0.8,level2_boosted@sel,1.5,0.0
0.8,level2_boosted_calibrated@sel,0.25,0.0
0.8,level2_boosted_calibrated@sel,0.5,0.0
0.8,level2_boosted_calibrated@sel,0.75,0.0
0.8,level2_boosted_calibrated@sel,0.9,0.0
0.8,level2_boosted_calibrated@sel,1.0,0.0
0.8,level2_boosted_calibrated@sel,1.1,1.0
0.8,level2_boosted_calibrated@sel,1.25,1.0
0.8,level2_boosted_calibrated@sel,1.5,0.0
0.8,level3_aipw_plain@sel,0.25,0.0
0.8,level3_aipw_plain@sel,0.5,0.0
0.8,level3_aipw_plain@sel,0.75,0.0
0.8,level3_aipw_plain@sel,0.9,0.0
0.8,level3_aipw_plain@sel,1.0,0.0
0.8,level3_aipw_plain@sel,1.1,1.0
0.8,level3_aipw_plain@sel,1.25,1.0
0.8,level3_aipw_plain@sel,1.5,0.0
0.8,level3_aipw_hajek@sel,0.25,0.0
0.8,level3_aipw_hajek@sel,0.5,0.0
0.8,level3_aipw_hajek@sel,0.75,0.0
0.8,level3_aipw_hajek@sel,0.9,0.0
0.8,level3_aipw_hajek@sel,1.0,0.0
0.8,level3_aipw_hajek@sel,1.1,1.0
0.8,level3_aipw_hajek@sel,1.25,1.0
0.8,level3_aipw_hajek@sel,1.5,0.0
0.75,naive_delivered_vs_control,0.25,0.0
0.75,naive_delivered_vs_control,0.5,0.0
0.75,naive_delivered_vs_control,0.75,0.0
0.75,naive_delivered_vs_control,0.9,0.0
0.75,naive_delivered_vs_control,1.0,0.0
0.75,naive_delivered_vs_control,1.1,1.0
0.75,naive_delivered_vs_control,1.25,1.0
0.75,naive_delivered_vs_control,1.5,1.0
0.75,itt,0.25,0.0
0.75,itt,0.5,0.0
0.75,itt,0.75,0.0
0.75,itt,0.9,0.25
0.75,itt,1.0,0.75
0.75,itt,1.1,0.16666666666666666
0.75,itt,1.25,0.0
0.75,itt,1.5,0.0
0.75,late,0.25,0.0
0.75,late,0.5,0.0
0.75,late,0.75,0.0
0.75,late,0.9,0.25
0.75,late,1.0,0.75
0.75,late,1.1,0.16666666666666666
0.75,late,1.25,0.0
0.75,late,1.5,0.0
0.75,level1_logistic,0.25,0.0
0.75,level1_logistic,0.5,0.0
0.75,level1_logistic,0.75,0.0
0.75,level1_logistic,0.9,0.0
0.75,level1_logistic,1.0,0.0
0.75,level1_logistic,1.1,1.0
0.75,level1_logistic,1.25,1.0
0.75,level1_logistic,1.5,0.0
0.75,level2_boosted@def,0.25,0.0
0.75,level2_boosted@def,0.5,0.0
0.75,level2_boosted@def,0.75,0.0
0.75,level2_boosted@def,0.9,0.0
0.75,level2_boosted@def,1.0,0.0
0.75,level2_boosted@def,1.1,1.0
0.75,level2_boosted@def,1.25,1.0
0.75,level2_boosted@def,1.5,0.0
0.75,level2_boosted_calibrated@def,0.25,0.0
0.75,level2_boosted_calibrated@def,0.5,0.0
0.75,level2_boosted_calibrated@def,0.75,0.0
0.75,level2_boosted_calibrated@def,0.9,0.0
0.75,level2_boosted_calibrated@def,1.0,0.0
0.75,level2_boosted_calibrated@def,1.1,1.0
0.75,level2_boosted_calibrated@def,1.25,1.0
0.75,level2_boosted_calibrated@def,1.5,1.0
0.75,level3_aipw_plain@def,0.25,0.0
0.75,level3_aipw_plain@def,0.5,0.0
0.75,level3_aipw_plain@def,0.75,0.0
0.75,level3_aipw_plain@def,0.9,0.0
0.75,level3_aipw_plain@def,1.0,0.0
0.75,level3_aipw_plain@def,1.1,1.0
0.75,level3_aipw_plain@def,1.25,1.0
0.75,level3_aipw_plain@def,1.5,0.0
0.75,level3_aipw_hajek@def,0.25,0.0
0.75,level3_aipw_hajek@def,0.5,0.0
0.75,level3_aipw_hajek@def,0.75,0.0
0.75,level3_aipw_hajek@def,0.9,0.0
0.75,level3_aipw_hajek@def,1.0,0.0
0.75,level3_aipw_hajek@def,1.1,1.0
0.75,level3_aipw_hajek@def,1.25,1.0
0.75,level3_aipw_hajek@def,1.5,0.0
0.75,level2_boosted@sel,0.25,0.0
0.75,level2_boosted@sel,0.5,0.0
0.75,level2_boosted@sel,0.75,0.0
0.75,level2_boosted@sel,0.9,0.0
0.75,level2_boosted@sel,1.0,0.0
0.75,level2_boosted@sel,1.1,1.0
0.75,level2_boosted@sel,1.25,1.0
0.75,level2_boosted@sel,1.5,0.08333333333333333
0.75,level2_boosted_calibrated@sel,0.25,0.0
0.75,level2_boosted_calibrated@sel,0.5,0.0
0.75,level2_boosted_calibrated@sel,0.75,0.0
0.75,level2_boosted_calibrated@sel,0.9,0.0
0.75,level2_boosted_calibrated@sel,1.0,0.0
0.75,level2_boosted_calibrated@sel,1.1,1.0
0.75,level2_boosted_calibrated@sel,1.25,1.0
0.75,level2_boosted_calibrated@sel,1.5,0.25
0.75,level3_aipw_plain@sel,0.25,0.0
0.75,level3_aipw_plain@sel,0.5,0.0
0.75,level3_aipw_plain@sel,0.75,0.0
0.75,level3_aipw_plain@sel,0.9,0.0
0.75,level3_aipw_plain@sel,1.0,0.0
0.75,level3_aipw_plain@sel,1.1,1.0
0.75,level3_aipw_plain@sel,1.25,1.0
0.75,level3_aipw_plain@sel,1.5,0.0
0.75,level3_aipw_hajek@sel,0.25,0.0
0.75,level3_aipw_hajek@sel,0.5,0.0
0.75,level3_aipw_hajek@sel,0.75,0.0
0.75,level3_aipw_hajek@sel,0.9,0.0
0.75,level3_aipw_hajek@sel,1.0,0.0
0.75,level3_aipw_hajek@sel,1.1,1.0
0.75,level3_aipw_hajek@sel,1.25,1.0
0.75,level3_aipw_hajek@sel,1.5,0.0
0.5,naive_delivered_vs_control,0.25,0.0
0.5,naive_delivered_vs_control,0.5,0.0
0.5,naive_delivered_vs_control,0.75,0.0
0.5,naive_delivered_vs_control,0.9,0.0
0.5,naive_delivered_vs_control,1.0,0.0
0.5,naive_delivered_vs_control,1.1,1.0
0.5,naive_delivered_vs_control,1.25,1.0
0.5,naive_delivered_vs_control,1.5,0.9166666666666666
0.5,itt,0.25,0.0
0.5,itt,0.5,0.0
0.5,itt,0.75,0.08333333333333333
0.5,itt,0.9,0.25
0.5,itt,1.0,0.4166666666666667
0.5,itt,1.1,0.3333333333333333
0.5,itt,1.25,0.08333333333333333
0.5,itt,1.5,0.0
0.5,late,0.25,0.0
0.5,late,0.5,0.0
0.5,late,0.75,0.08333333333333333
0.5,late,0.9,0.25
0.5,late,1.0,0.4166666666666667
0.5,late,1.1,0.3333333333333333
0.5,late,1.25,0.08333333333333333
0.5,late,1.5,0.0
0.5,level1_logistic,0.25,0.0
0.5,level1_logistic,0.5,0.0
0.5,level1_logistic,0.75,0.0
0.5,level1_logistic,0.9,0.0
0.5,level1_logistic,1.0,0.0
0.5,level1_logistic,1.1,1.0
0.5,level1_logistic,1.25,1.0
0.5,level1_logistic,1.5,0.75
0.5,level2_boosted@def,0.25,0.0
0.5,level2_boosted@def,0.5,0.0
0.5,level2_boosted@def,0.75,0.0
0.5,level2_boosted@def,0.9,0.0
0.5,level2_boosted@def,1.0,0.0
0.5,level2_boosted@def,1.1,1.0
0.5,level2_boosted@def,1.25,1.0
0.5,level2_boosted@def,1.5,0.5
0.5,level2_boosted_calibrated@def,0.25,0.0
0.5,level2_boosted_calibrated@def,0.5,0.0
0.5,level2_boosted_calibrated@def,0.75,0.0
0.5,level2_boosted_calibrated@def,0.9,0.0
0.5,level2_boosted_calibrated@def,1.0,0.0
0.5,level2_boosted_calibrated@def,1.1,1.0
0.5,level2_boosted_calibrated@def,1.25,1.0
0.5,level2_boosted_calibrated@def,1.5,0.9166666666666666
0.5,level3_aipw_plain@def,0.25,0.0
0.5,level3_aipw_plain@def,0.5,0.0
0.5,level3_aipw_plain@def,0.75,0.0
0.5,level3_aipw_plain@def,0.9,0.0
0.5,level3_aipw_plain@def,1.0,0.0
0.5,level3_aipw_plain@def,1.1,1.0
0.5,level3_aipw_plain@def,1.25,1.0
0.5,level3_aipw_plain@def,1.5,0.75
0.5,level3_aipw_hajek@def,0.25,0.0
0.5,level3_aipw_hajek@def,0.5,0.0
0.5,level3_aipw_hajek@def,0.75,0.0
0.5,level3_aipw_hajek@def,0.9,0.0
0.5,level3_aipw_hajek@def,1.0,0.0
0.5,level3_aipw_hajek@def,1.1,1.0
0.5,level3_aipw_hajek@def,1.25,1.0
0.5,level3_aipw_hajek@def,1.5,0.75
0.5,level2_boosted@sel,0.25,0.0
0.5,level2_boosted@sel,0.5,0.0
0.5,level2_boosted@sel,0.75,0.0
0.5,level2_boosted@sel,0.9,0.0
0.5,level2_boosted@sel,1.0,0.0
0.5,level2_boosted@sel,1.1,1.0
0.5,level2_boosted@sel,1.25,1.0
0.5,level2_boosted@sel,1.5,0.75
0.5,level2_boosted_calibrated@sel,0.25,0.0
0.5,level2_boosted_calibrated@sel,0.5,0.0
0.5,level2_boosted_calibrated@sel,0.75,0.0
0.5,level2_boosted_calibrated@sel,0.9,0.0
0.5,level2_boosted_calibrated@sel,1.0,0.0
0.5,level2_boosted_calibrated@sel,1.1,1.0
0.5,level2_boosted_calibrated@sel,1.25,1.0
0.5,level2_boosted_calibrated@sel,1.5,0.9166666666666666
0.5,level3_aipw_plain@sel,0.25,0.0
0.5,level3_aipw_plain@sel,0.5,0.0
0.5,level3_aipw_plain@sel,0.75,0.0
0.5,level3_aipw_plain@sel,0.9,0.0
0.5,level3_aipw_plain@sel,1.0,0.0
0.5,level3_aipw_plain@sel,1.1,1.0
0.5,level3_aipw_plain@sel,1.25,1.0
0.5,level3_aipw_plain@sel,1.5,0.75
0.5,level3_aipw_hajek@sel,0.25,0.0
0.5,level3_aipw_hajek@sel,0.5,0.0
0.5,level3_aipw_hajek@sel,0.75,0.0
0.5,level3_aipw_hajek@sel,0.9,0.0
0.5,level3_aipw_hajek@sel,1.0,0.0
0.5,level3_aipw_hajek@sel,1.1,1.0
0.5,level3_aipw_hajek@sel,1.25,1.0
0.5,level3_aipw_hajek@sel,1.5,0.75
0.25,naive_delivered_vs_control,0.25,0.0
0.25,naive_delivered_vs_control,0.5,0.0
0.25,naive_delivered_vs_control,0.75,0.0
0.25,naive_delivered_vs_control,0.9,0.0
0.25,naive_delivered_vs_control,1.0,0.0
0.25,naive_delivered_vs_control,1.1,1.0
0.25,naive_delivered_vs_control,1.25,1.0
0.25,naive_delivered_vs_control,1.5,1.0
0.25,itt,0.25,0.0
0.25,itt,0.5,0.0
0.25,itt,0.75,0.0
0.25,itt,0.9,0.0
0.25,itt,1.0,0.5
0.25,itt,1.1,0.08333333333333333
0.25,itt,1.25,0.08333333333333333
0.25,itt,1.5,0.0
0.25,late,0.25,0.0
0.25,late,0.5,0.0
0.25,late,0.75,0.0
0.25,late,0.9,0.08333333333333333
0.25,late,1.0,0.5
0.25,late,1.1,0.08333333333333333
0.25,late,1.25,0.08333333333333333
0.25,late,1.5,0.0
0.25,level1_logistic,0.25,0.0
0.25,level1_logistic,0.5,0.0
0.25,level1_logistic,0.75,0.0
0.25,level1_logistic,0.9,0.0
0.25,level1_logistic,1.0,0.0
0.25,level1_logistic,1.1,1.0
0.25,level1_logistic,1.25,1.0
0.25,level1_logistic,1.5,1.0
0.25,level2_boosted@def,0.25,0.0
0.25,level2_boosted@def,0.5,0.0
0.25,level2_boosted@def,0.75,0.0
0.25,level2_boosted@def,0.9,0.0
0.25,level2_boosted@def,1.0,0.0
0.25,level2_boosted@def,1.1,1.0
0.25,level2_boosted@def,1.25,1.0
0.25,level2_boosted@def,1.5,0.9166666666666666
0.25,level2_boosted_calibrated@def,0.25,0.0
0.25,level2_boosted_calibrated@def,0.5,0.0
0.25,level2_boosted_calibrated@def,0.75,0.0
0.25,level2_boosted_calibrated@def,0.9,0.0
0.25,level2_boosted_calibrated@def,1.0,0.0
0.25,level2_boosted_calibrated@def,1.1,1.0
0.25,level2_boosted_calibrated@def,1.25,1.0
0.25,level2_boosted_calibrated@def,1.5,1.0
0.25,level3_aipw_plain@def,0.25,0.0
0.25,level3_aipw_plain@def,0.5,0.0
0.25,level3_aipw_plain@def,0.75,0.0
0.25,level3_aipw_plain@def,0.9,0.0
0.25,level3_aipw_plain@def,1.0,0.0
0.25,level3_aipw_plain@def,1.1,1.0
0.25,level3_aipw_plain@def,1.25,1.0
0.25,level3_aipw_plain@def,1.5,1.0
0.25,level3_aipw_hajek@def,0.25,0.0
0.25,level3_aipw_hajek@def,0.5,0.0
0.25,level3_aipw_hajek@def,0.75,0.0
0.25,level3_aipw_hajek@def,0.9,0.0
0.25,level3_aipw_hajek@def,1.0,0.0
0.25,level3_aipw_hajek@def,1.1,1.0
0.25,level3_aipw_hajek@def,1.25,1.0
0.25,level3_aipw_hajek@def,1.5,1.0
0.25,level2_boosted@sel,0.25,0.0
0.25,level2_boosted@sel,0.5,0.0
0.25,level2_boosted@sel,0.75,0.0
0.25,level2_boosted@sel,0.9,0.0
0.25,level2_boosted@sel,1.0,0.0
0.25,level2_boosted@sel,1.1,1.0
0.25,level2_boosted@sel,1.25,1.0
0.25,level2_boosted@sel,1.5,1.0
0.25,level2_boosted_calibrated@sel,0.25,0.0
0.25,level2_boosted_calibrated@sel,0.5,0.0
0.25,level2_boosted_calibrated@sel,0.75,0.0
0.25,level2_boosted_calibrated@sel,0.9,0.0
0.25,level2_boosted_calibrated@sel,1.0,0.0
0.25,level2_boosted_calibrated@sel,1.1,1.0
0.25,level2_boosted_calibrated@sel,1.25,1.0
0.25,level2_boosted_calibrated@sel,1.5,1.0
0.25,level3_aipw_plain@sel,0.25,0.0
0.25,level3_aipw_plain@sel,0.5,0.0
0.25,level3_aipw_plain@sel,0.75,0.0
0.25,level3_aipw_plain@sel,0.9,0.0
0.25,level3_aipw_plain@sel,1.0,0.0
0.25,level3_aipw_plain@sel,1.1,1.0
0.25,level3_aipw_plain@sel,1.25,1.0
0.25,level3_aipw_plain@sel,1.5,1.0
0.25,level3_aipw_hajek@sel,0.25,0.0
0.25,level3_aipw_hajek@sel,0.5,0.0
0.25,level3_aipw_hajek@sel,0.75,0.0
0.25,level3_aipw_hajek@sel,0.9,0.0
0.25,level3_aipw_hajek@sel,1.0,0.0
0.25,level3_aipw_hajek@sel,1.1,1.0
0.25,level3_aipw_hajek@sel,1.25,1.0
0.25,level3_aipw_hajek@sel,1.5,1.0
0.0,naive_delivered_vs_control,0.25,0.0
0.0,naive_delivered_vs_control,0.5,0.0
0.0,naive_delivered_vs_control,0.75,0.0
0.0,naive_delivered_vs_control,0.9,0.0
0.0,naive_delivered_vs_control,1.0,0.0
0.0,naive_delivered_vs_control,1.1,1.0
0.0,naive_delivered_vs_control,1.25,1.0
0.0,naive_delivered_vs_control,1.5,1.0
0.0,itt,0.25,0.0
0.0,itt,0.5,0.0
0.0,itt,0.75,0.0
0.0,itt,0.9,0.25
0.0,itt,1.0,0.3333333333333333
0.0,itt,1.1,0.25
0.0,itt,1.25,0.0
0.0,itt,1.5,0.0
0.0,late,0.25,0.0
0.0,late,0.5,0.0
0.0,late,0.75,0.0
0.0,late,0.9,0.25
0.0,late,1.0,0.3333333333333333
0.0,late,1.1,0.25
0.0,late,1.25,0.0
0.0,late,1.5,0.0
0.0,level1_logistic,0.25,0.0
0.0,level1_logistic,0.5,0.0
0.0,level1_logistic,0.75,0.0
0.0,level1_logistic,0.9,0.0
0.0,level1_logistic,1.0,0.0
0.0,level1_logistic,1.1,1.0
0.0,level1_logistic,1.25,1.0
0.0,level1_logistic,1.5,1.0
0.0,level2_boosted@def,0.25,0.0
0.0,level2_boosted@def,0.5,0.0
0.0,level2_boosted@def,0.75,0.0
0.0,level2_boosted@def,0.9,0.0
0.0,level2_boosted@def,1.0,0.0
0.0,level2_boosted@def,1.1,1.0
0.0,level2_boosted@def,1.25,1.0
0.0,level2_boosted@def,1.5,1.0
0.0,level2_boosted_calibrated@def,0.25,0.0
0.0,level2_boosted_calibrated@def,0.5,0.0
0.0,level2_boosted_calibrated@def,0.75,0.0
0.0,level2_boosted_calibrated@def,0.9,0.0
0.0,level2_boosted_calibrated@def,1.0,0.0
0.0,level2_boosted_calibrated@def,1.1,1.0
0.0,level2_boosted_calibrated@def,1.25,1.0
0.0,level2_boosted_calibrated@def,1.5,1.0
0.0,level3_aipw_plain@def,0.25,0.0
0.0,level3_aipw_plain@def,0.5,0.0
0.0,level3_aipw_plain@def,0.75,0.0
0.0,level3_aipw_plain@def,0.9,0.0
0.0,level3_aipw_plain@def,1.0,0.0
0.0,level3_aipw_plain@def,1.1,1.0
0.0,level3_aipw_plain@def,1.25,1.0
0.0,level3_aipw_plain@def,1.5,1.0
0.0,level3_aipw_hajek@def,0.25,0.0
0.0,level3_aipw_hajek@def,0.5,0.0
0.0,level3_aipw_hajek@def,0.75,0.0
0.0,level3_aipw_hajek@def,0.9,0.0
0.0,level3_aipw_hajek@def,1.0,0.0
0.0,level3_aipw_hajek@def,1.1,1.0
0.0,level3_aipw_hajek@def,1.25,1.0
0.0,level3_aipw_hajek@def,1.5,1.0
0.0,level2_boosted@sel,0.25,0.0
0.0,level2_boosted@sel,0.5,0.0
0.0,level2_boosted@sel,0.75,0.0
0.0,level2_boosted@sel,0.9,0.0
0.0,level2_boosted@sel,1.0,0.0
0.0,level2_boosted@sel,1.1,1.0
0.0,level2_boosted@sel,1.25,1.0
0.0,level2_boosted@sel,1.5,1.0
0.0,level2_boosted_calibrated@sel,0.25,0.0
0.0,level2_boosted_calibrated@sel,0.5,0.0
0.0,level2_boosted_calibrated@sel,0.75,0.0
0.0,level2_boosted_calibrated@sel,0.9,0.0
0.0,level2_boosted_calibrated@sel,1.0,0.0
0.0,level2_boosted_calibrated@sel,1.1,1.0
0.0,level2_boosted_calibrated@sel,1.25,1.0
0.0,level2_boosted_calibrated@sel,1.5,1.0
0.0,level3_aipw_plain@sel,0.25,0.0
0.0,level3_aipw_plain@sel,0.5,0.0
0.0,level3_aipw_plain@sel,0.75,0.0
0.0,level3_aipw_plain@sel,0.9,0.0
0.0,level3_aipw_plain@sel,1.0,0.0
0.0,level3_aipw_plain@sel,1.1,1.0
0.0,level3_aipw_plain@sel,1.25,1.0
0.0,level3_aipw_plain@sel,1.5,1.0
0.0,level3_aipw_hajek@sel,0.25,0.0
0.0,level3_aipw_hajek@sel,0.5,0.0
0.0,level3_aipw_hajek@sel,0.75,0.0
0.0,level3_aipw_hajek@sel,0.9,0.0
0.0,level3_aipw_hajek@sel,1.0,0.0
0.0,level3_aipw_hajek@sel,1.1,1.0
0.0,level3_aipw_hajek@sel,1.25,1.0
0.0,level3_aipw_hajek@sel,1.5,1.0
