observability,replicate,estimator,estimate,truth
0.8,0,naive_delivered_vs_control,0.05186562827214138,0.032
0.8,0,itt,0.001437178861592964,0.0011607787777189577
0.8,0,late,0.03961971432778009,0.032
0.8,0,level1_logistic,0.04358444659027797,0.032
0.8,0,level2_boosted@def,0.042047802110661246,0.032
0.8,0,level2_boosted_calibrated@def,0.050010561230489296,0.032
0.8,0,level3_aipw_plain@def,0.04408507963785796,0.032
0.8,0,level3_aipw_hajek@def,0.04231392552254838,0.032
0.8,0,level2_boosted@sel,0.04448149380031803,0.032
0.8,0,level2_boosted_calibrated@sel,0.046261629292049876,0.032
0.8,0,level3_aipw_plain@sel,0.043709461711803885,0.032
0.8,0,level3_aipw_hajek@sel,0.043712787548357855,0.032
0.8,1,naive_delivered_vs_control,0.05130025425820224,0.032
0.8,1,itt,0.001059045747601223,0.001142816820795879
0.8,1,late,0.029654327190982255,0.032
0.8,1,level1_logistic,0.043519759550493434,0.032
0.8,1,level2_boosted@def,0.042060679278075636,0.032
0.8,1,level2_boosted_calibrated@def,0.05002881361205054,0.032
0.8,1,level3_aipw_plain@def,0.04299459265705621,0.032
0.8,1,level3_aipw_hajek@def,0.0429581663914232,0.032
0.8,1,level2_boosted@sel,0.04446678981861349,0.032
0.8,1,level2_boosted_calibrated@sel,0.04618816163345266,0.032
0.8,1,level3_aipw_plain@sel,0.042826024311405336,0.032
0.8,1,level3_aipw_hajek@sel,0.042832350429039226,0.032
0.8,2,naive_delivered_vs_control,0.051096010954496146,0.032
0.8,2,itt,0.0011180412539830349,0.0011609528910233398
0.8,2,late,0.03081720232069076,0.032
0.8,2,level1_logistic,0.042186794893819386,0.032
0.8,2,level2_boosted@def,0.04010286302102657,0.032
0.8,2,level2_boosted_calibrated@def,0.048968966910386186,0.032
0.8,2,level3_aipw_plain@def,0.04442306865139719,0.032
0.8,2,level3_aipw_hajek@def,0.04422718219630147,0.032
0.8,2,level2_boosted@sel,0.043211413534635035,0.032
0.8,2,level2_boosted_calibrated@sel,0.04534960130003454,0.032
0.8,2,level3_aipw_plain@sel,0.04257105618353408,0.032
0.8,2,level3_aipw_hajek@sel,0.04257235946800611,0.032
0.8,3,naive_delivered_vs_control,0.05264000153067542,0.032
0.8,3,itt,0.0014427190137359398,0.0011592255715216248
0.8,3,late,0.03982573329447024,0.032
0.8,3,level1_logistic,0.0450561728680666,0.032
0.8,3,level2_boosted@def,0.04266206290138383,0.032
0.8,3,level2_boosted_calibrated@def,0.051566661831524654,0.032
0.8,3,level3_aipw_plain@def,0.04590156110676217,0.032
0.8,3,level3_aipw_hajek@def,0.04538399016302509,0.032
0.8,3,level2_boosted@sel,0.045874322063812,0.032
0.8,3,level2_boosted_calibrated@sel,0.047309119717852524,0.032
0.8,3,level3_aipw_plain@sel,0.04435801662304853,0.032
0.8,3,level3_aipw_hajek@sel,0.04436257000685084,0.032
0.8,4,naive_delivered_vs_control,0.05174724431969314,0.032
0.8,4,itt,0.0013240134799119125,0.001147080051463897
0.8,4,late,0.0369358976325243,0.032
0.8,4,level1_logistic,0.04421847817436879,0.032
0.8,4,level2_boosted@def,0.042712040149677596,0.032
0.8,4,level2_boosted_calibrated@def,0.050129010001584096,0.032
0.8,4,level3_aipw_plain@def,0.04280894052204963,0.032
0.8,4,level3_aipw_hajek@def,0.042787221526280145,0.032
0.8,4,level2_boosted@sel,0.04493480979424413,0.032
0.8,4,level2_boosted_calibrated@sel,0.046747179333045,0.032
0.8,4,level3_aipw_plain@sel,0.04400462619458369,0.032
0.8,4,level3_aipw_hajek@sel,0.044007092715618264,0.032
0.8,5,naive_delivered_vs_control,0.05287674951958164,0.032
0.8,5,itt,0.0011282729584479855,0.0011484370404357697
0.8,5,late,0.03143814889202436,0.032
0.8,5,level1_logistic,0.04527574142946454,0.032
0.8,5,level2_boosted@def,0.0434717312569953,0.032
0.8,5,level2_boosted_calibrated@def,0.05175148936681147,0.032
0.8,5,level3_aipw_plain@def,0.047620620338885755,0.032
0.8,5,level3_aipw_hajek@def,0.04758104967123677,0.032
0.8,5,level2_boosted@sel,0.04592244553619995,0.032
0.8,5,level2_boosted_calibrated@sel,0.04741337900769782,0.032
0.8,5,level3_aipw_plain@sel,0.0453774218470812,0.032
0.8,5,level3_aipw_hajek@sel,0.04538152090690645,0.032
0.8,6,naive_delivered_vs_control,0.052701124274608435,0.032
0.8,6,itt,0.0009670323891530332,0.0011568517509224152
0.8,6,late,0.026749353517616283,0.032
0.8,6,level1_logistic,0.04420548447476426,0.032
0.8,6,level2_boosted@def,0.04211803608769433,0.032
0.8,6,level2_boosted_calibrated@def,0.051996854110260275,0.032
0.8,6,level3_aipw_plain@def,0.04538521785125285,0.032
0.8,6,level3_aipw_hajek@def,0.04531324096220512,0.032
0.8,6,level2_boosted@sel,0.045328856548589785,0.032
0.8,6,level2_boosted_calibrated@sel,0.04673450040121763,0.032
0.8,6,level3_aipw_plain@sel,0.04419954871080193,0.032
0.8,6,level3_aipw_hajek@sel,0.04420451742006106,0.032
0.8,7,naive_delivered_vs_control,0.052234107662292126,0.032
0.8,7,itt,0.0012268410342469995,0.0011527316980444338
0.8,7,late,0.03405728597773902,0.032
0.8,7,level1_logistic,0.04403655581770132,0.032
0.8,7,level2_boosted@def,0.04100061027368691,0.032
0.8,7,level2_boosted_calibrated@def,0.04979714248889274,0.032
0.8,7,level3_aipw_plain@def,0.042760009244847415,0.032
0.8,7,level3_aipw_hajek@def,0.04274322699013726,0.032
0.8,7,level2_boosted@sel,0.044802575593508046,0.032
0.8,7,level2_boosted_calibrated@sel,0.04646307545636187,0.032
0.8,7,level3_aipw_plain@sel,0.04350483626324419,0.032
0.8,7,level3_aipw_hajek@sel,0.043508193063376485,0.032
0.8,8,naive_delivered_vs_control,0.052155462061369895,0.032
0.8,8,itt,0.0013381394405359748,0.0011598083045783662
0.8,8,late,0.03692029271399124,0.032
0.8,8,level1_logistic,0.04443607932653844,0.032
0.8,8,level2_boosted@def,0.042375217370699964,0.032
0.8,8,level2_boosted_calibrated@def,0.04972543303770634,0.032
0.8,8,level3_aipw_plain@def,0.04323542667506314,0.032
0.8,8,level3_aipw_hajek@def,0.041991981127573366,0.032
0.8,8,level2_boosted@sel,0.044444141897502426,0.032
0.8,8,level2_boosted_calibrated@sel,0.04607035449713897,0.032
0.8,8,level3_aipw_plain@sel,0.04332262303961224,0.032
0.8,8,level3_aipw_hajek@sel,0.04332781169656034,0.032
0.8,9,naive_delivered_vs_control,0.05242517085504152,0.032
0.8,9,itt,0.0011811091771227538,0.0011616787341925856
0.8,9,late,0.03253523763108011,0.032
0.8,9,level1_logistic,0.0446321155796736,0.032
0.8,9,level2_boosted@def,0.04119300668402426,0.032
0.8,9,level2_boosted_calibrated@def,0.05180913481628294,0.032
0.8,9,level3_aipw_plain@def,0.04507871728985049,0.032
0.8,9,level3_aipw_hajek@def,0.04505607715981035,0.032
0.8,9,level2_boosted@sel,0.045313205085290555,0.032
0.8,9,level2_boosted_calibrated@sel,0.04742535513289941,0.032
0.8,9,level3_aipw_plain@sel,0.04410481203736477,0.032
0.8,9,level3_aipw_hajek@sel,0.04411246960300073,0.032
0.8,10,naive_delivered_vs_control,0.052656413311283304,0.032
0.8,10,itt,0.0011399140874624823,0.001154503652139811
0.8,10,late,0.03159561317211149,0.032
0.8,10,level1_logistic,0.045280603940093166,0.032
0.8,10,level2_boosted@def,0.042015582517322396,0.032
0.8,10,level2_boosted_calibrated@def,0.05170351764513538,0.032
0.8,10,level3_aipw_plain@def,0.0699884027826799,0.032
0.8,10,level3_aipw_hajek@def,0.05720657876825836,0.032
0.8,10,level2_boosted@sel,0.0459417190347685,0.032
0.8,10,level2_boosted_calibrated@sel,0.047628556795527174,0.032
0.8,10,level3_aipw_plain@sel,0.04531708526559009,0.032
0.8,10,level3_aipw_hajek@sel,0.04531848092067232,0.032
0.8,11,naive_delivered_vs_control,0.051656729024274255,0.032
0.8,11,itt,0.0010864653040150514,0.001159511692896014
0.8,11,late,0.029984078592297188,0.032
0.8,11,level1_logistic,0.043011426317730736,0.032
0.8,11,level2_boosted@def,0.04107320368677643,0.032
0.8,11,level2_boosted_calibrated@def,0.05019618907145836,0.032
0.8,11,level3_aipw_plain@def,0.04233137042998564,0.032
0.8,11,level3_aipw_hajek@def,0.0419384362612807,0.032
0.8,11,level2_boosted@sel,0.04428985018313747,0.032
0.8,11,level2_boosted_calibrated@sel,0.04612133208015151,0.032
0.8,11,level3_aipw_plain@sel,0.04281380366087865,0.032
0.8,11,level3_aipw_hajek@sel,0.04281844159285694,0.032
0.85,0,naive_delivered_vs_control,0.052362858727025424,0.032
0.85,0,itt,0.0011765488665812925,0.0011585940596390578
0.85,0,late,0.03249590606595247,0.032
0.85,0,level1_logistic,0.04321437178298097,0.032
0.85,0,level2_boosted@def,0.04121015463933663,0.032
0.85,0,level2_boosted_calibrated@def,0.04964249259863505,0.032
0.85,0,level3_aipw_plain@def,0.04279510679424034,0.032
0.85,0,level3_aipw_hajek@def,0.04277847131323485,0.032
0.85,0,level2_boosted@sel,0.04412813577771197,0.032
0.85,0,level2_boosted_calibrated@sel,0.04597626220867633,0.032
0.85,0,level3_aipw_plain@sel,0.041962828984214114,0.032
0.85,0,level3_aipw_hajek@sel,0.04196841352212902,0.032
0.85,1,naive_delivered_vs_control,0.05240438508242817,0.032
0.85,1,itt,0.000758800454826348,0.0011489987031307327
0.85,1,late,0.02113284765968999,0.032
0.85,1,level1_logistic,0.04501139478624308,0.032
0.85,1,level2_boosted@def,0.0408777870746488,0.032
0.85,1,level2_boosted_calibrated@def,0.05156294785424338,0.032
0.85,1,level3_aipw_plain@def,-0.010911632458568327,0.032
0.85,1,level3_aipw_hajek@def,0.026684736788463698,0.032
0.85,1,level2_boosted@sel,0.045287156381402044,0.032
0.85,1,level2_boosted_calibrated@sel,0.04717237830317656,0.032
0.85,1,level3_aipw_plain@sel,0.04425866300009363,0.032
0.85,1,level3_aipw_hajek@sel,0.04426435671334233,0.032
0.85,2,naive_delivered_vs_control,0.05382454334085988,0.032
0.85,2,itt,0.0012577770438947017,0.0011544779897414968
0.85,2,late,0.03486325920656376,0.032
0.85,2,level1_logistic,0.04459804698631648,0.032
0.85,2,level2_boosted@def,0.04175507016683394,0.032
0.85,2,level2_boosted_calibrated@def,0.05187062321075847,0.032
0.85,2,level3_aipw_plain@def,0.04397907383366356,0.032
0.85,2,level3_aipw_hajek@def,0.04393613682727821,0.032
0.85,2,level2_boosted@sel,0.04588910900771716,0.032
0.85,2,level2_boosted_calibrated@sel,0.046720521361881755,0.032
0.85,2,level3_aipw_plain@sel,0.044452741509174,0.032
0.85,2,level3_aipw_hajek@sel,0.04445752453965669,0.032
0.85,3,naive_delivered_vs_control,0.05229346786793654,0.032
0.85,3,itt,0.00140833071501212,0.00116729867386273
0.85,3,late,0.03860758509324538,0.032
0.85,3,level1_logistic,0.04142462089807321,0.032
0.85,3,level2_boosted@def,0.04060744568325424,0.032
0.85,3,level2_boosted_calibrated@def,0.04925991599583289,0.032
0.85,3,level3_aipw_plain@def,0.04075575358564984,0.032
0.85,3,level3_aipw_hajek@def,0.04073719559898725,0.032
0.85,3,level2_boosted@sel,0.04318629278890354,0.032
0.85,3,level2_boosted_calibrated@sel,0.044787934529763276,0.032
0.85,3,level3_aipw_plain@sel,0.042117992823514236,0.032
0.85,3,level3_aipw_hajek@sel,0.04212164289312733,0.032
0.85,4,naive_delivered_vs_control,0.050274639006458746,0.032
0.85,4,itt,0.001169493187444889,0.0011603352853730385
0.85,4,late,0.0322525587819257,0.032
0.85,4,level1_logistic,0.04185656212973786,0.032
0.85,4,level2_boosted@def,0.040038990228348344,0.032
0.85,4,level2_boosted_calibrated@def,0.048618812767031006,0.032
0.85,4,level3_aipw_plain@def,0.04236960623359966,0.032
0.85,4,level3_aipw_hajek@def,0.042343086834909956,0.032
0.85,4,level2_boosted@sel,0.04243437583576551,0.032
0.85,4,level2_boosted_calibrated@sel,0.04431876790128854,0.032
0.85,4,level3_aipw_plain@sel,0.041578347231608505,0.032
0.85,4,level3_aipw_hajek@sel,0.04158253629890776,0.032
0.85,5,naive_delivered_vs_control,0.05257610667373828,0.032
0.85,5,itt,0.0014882429016906764,0.0011322481419544816
0.85,5,late,0.042061250612338126,0.032
0.85,5,level1_logistic,0.041971050519392636,0.032
0.85,5,level2_boosted@def,0.04115331462691301,0.032
0.85,5,level2_boosted_calibrated@def,0.0507083890832284,0.032
0.85,5,level3_aipw_plain@def,0.0410723990111289,0.032
0.85,5,level3_aipw_hajek@def,0.03986355768900891,0.032
0.85,5,level2_boosted@sel,0.04317724272784315,0.032
0.85,5,level2_boosted_calibrated@sel,0.04443078597239522,0.032
0.85,5,level3_aipw_plain@sel,0.04166428834711659,0.032
0.85,5,level3_aipw_hajek@sel,0.0416697848577028,0.032
0.85,6,naive_delivered_vs_control,0.0529211660640232,0.032
0.85,6,itt,0.0011630809431636936,0.0011607023817926578
0.85,6,late,0.032065575779861494,0.032
0.85,6,level1_logistic,0.04312919660027932,0.032
0.85,6,level2_boosted@def,0.040593151003834704,0.032
0.85,6,level2_boosted_calibrated@def,0.05178006494133574,0.032
0.85,6,level3_aipw_plain@def,0.04357194382616541,0.032
0.85,6,level3_aipw_hajek@def,0.04058349144722291,0.032
0.85,6,level2_boosted@sel,0.04441043309822567,0.032
0.85,6,level2_boosted_calibrated@sel,0.046606513799880914,0.032
0.85,6,level3_aipw_plain@sel,0.043230579027544576,0.032
0.85,6,level3_aipw_hajek@sel,0.0432363037771825,0.032
0.85,7,naive_delivered_vs_control,0.050426715377409274,0.032
0.85,7,itt,0.0011273685012077688,0.0011525729314054802
0.85,7,late,0.031300224962473096,0.032
0.85,7,level1_logistic,0.040991396965772274,0.032
0.85,7,level2_boosted@def,0.0365632973851546,0.032
0.85,7,level2_boosted_calibrated@def,0.04850766398899138,0.032
0.85,7,level3_aipw_plain@def,0.04173967954704937,0.032
0.85,7,level3_aipw_hajek@def,0.041584616077772876,0.032
0.85,7,level2_boosted@sel,0.042182351007776196,0.032
0.85,7,level2_boosted_calibrated@sel,0.04387391102540843,0.032
0.85,7,level3_aipw_plain@sel,0.04126521122418954,0.032
0.85,7,level3_aipw_hajek@sel,0.041269488745432285,0.032
0.85,8,naive_delivered_vs_control,0.05159466406242258,0.032
0.85,8,itt,0.0012313237663922362,0.0011612979119694146
0.85,8,late,0.0339295887114187,0.032
0.85,8,level1_logistic,0.04128576059722543,0.032
0.85,8,level2_boosted@def,0.04069040099945803,0.032
0.85,8,level2_boosted_calibrated@def,0.0495139849385364,0.032
0.85,8,level3_aipw_plain@def,0.04121798404190673,0.032
0.85,8,level3_aipw_hajek@def,0.04120568305836407,0.032
0.85,8,level2_boosted@sel,0.042143624200411345,0.032
0.85,8,level2_boosted_calibrated@sel,0.04495069204444395,0.032
0.85,8,level3_aipw_plain@sel,0.04067151637778219,0.032
0.85,8,level3_aipw_hajek@sel,0.04067452734142727,0.032
0.85,9,naive_delivered_vs_control,0.05038919439709693,0.032
0.85,9,itt,0.0010484564866376548,0.0011534620819594911
0.85,9,late,0.029086875153632685,0.032
0.85,9,level1_logistic,0.040067108350792725,0.032
0.85,9,level2_boosted@def,0.03691111873412485,0.032
0.85,9,level2_boosted_calibrated@def,0.048430053633910564,0.032
0.85,9,level3_aipw_plain@def,0.04141255638535167,0.032
0.85,9,level3_aipw_hajek@def,0.04098961083746393,0.032
0.85,9,level2_boosted@sel,0.04123966907128204,0.032
0.85,9,level2_boosted_calibrated@sel,0.042946091434228464,0.032
0.85,9,level3_aipw_plain@sel,0.039495194200655975,0.032
0.85,9,level3_aipw_hajek@sel,0.039504734812290034,0.032
0.85,10,naive_delivered_vs_control,0.053167103119985695,0.032
0.85,10,itt,0.0014899752741214382,0.0011549749926448956
0.85,10,late,0.04128159403927917,0.032
0.85,10,level1_logistic,0.04385305608671003,0.032
0.85,10,level2_boosted@def,0.04323976116956685,0.032
0.85,10,level2_boosted_calibrated@def,0.05202053165481461,0.032
0.85,10,level3_aipw_plain@def,0.04470158549221709,0.032
0.85,10,level3_aipw_hajek@def,0.043439038611548894,0.032
0.85,10,level2_boosted@sel,0.044708743760124715,0.032
0.85,10,level2_boosted_calibrated@sel,0.04659446745302912,0.032
0.85,10,level3_aipw_plain@sel,0.043545765147589705,0.032
0.85,10,level3_aipw_hajek@sel,0.043552096319095984,0.032
0.85,11,naive_delivered_vs_control,0.05163135187722662,0.032
0.85,11,itt,0.0012434992176833387,0.0011673786088016828
0.85,11,late,0.034086606235412695,0.032
0.85,11,level1_logistic,0.04220307063434885,0.032
0.85,11,level2_boosted@def,0.03870317381792779,0.032
0.85,11,level2_boosted_calibrated@def,0.05055477371918464,0.032
0.85,11,level3_aipw_plain@def,0.059871843178395306,0.032
0.85,11,level3_aipw_hajek@def,0.05068483722520926,0.032
0.85,11,level2_boosted@sel,0.042856292174973325,0.032
0.85,11,level2_boosted_calibrated@sel,0.04509952045302018,0.032
0.85,11,level3_aipw_plain@sel,0.04178144739605268,0.032
0.85,11,level3_aipw_hajek@sel,0.041785179900263716,0.032
0.9,0,naive_delivered_vs_control,0.0516961635864054,0.032
0.9,0,itt,0.0011870806467883233,0.0011393159711327269
0.9,0,late,0.033341567800071706,0.032
0.9,0,level1_logistic,0.04084845114624056,0.032
0.9,0,level2_boosted@def,0.04037268573564127,0.032
0.9,0,level2_boosted_calibrated@def,0.05128183476061762,0.032
0.9,0,level3_aipw_plain@def,0.04157885551028064,0.032
0.9,0,level3_aipw_hajek@def,0.03681631525584078,0.032
0.9,0,level2_boosted@sel,0.04190693644086698,0.032
0.9,0,level2_boosted_calibrated@sel,0.043231708750969725,0.032
0.9,0,level3_aipw_plain@sel,0.039763137233997416,0.032
0.9,0,level3_aipw_hajek@sel,0.03976953419893459,0.032
0.9,1,naive_delivered_vs_control,0.053087931654033464,0.032
0.9,1,itt,0.001270447520279351,0.0011631059395555382
0.9,1,late,0.0349532396545706,0.032
0.9,1,level1_logistic,0.04244915131085468,0.032
0.9,1,level2_boosted@def,0.040471408809777405,0.032
0.9,1,level2_boosted_calibrated@def,0.05122965846014626,0.032
0.9,1,level3_aipw_plain@def,0.04281729851157832,0.032
0.9,1,level3_aipw_hajek@def,0.04250128178300965,0.032
0.9,1,level2_boosted@sel,0.04401721722693103,0.032
0.9,1,level2_boosted_calibrated@sel,0.04528250874093426,0.032
0.9,1,level3_aipw_plain@sel,0.0420978921115429,0.032
0.9,1,level3_aipw_hajek@sel,0.042106921245316786,0.032
0.9,2,naive_delivered_vs_control,0.05248229207295256,0.032
0.9,2,itt,0.0011904758085532442,0.0011592234570394055
0.9,2,late,0.03286271136282643,0.032
0.9,2,level1_logistic,0.04106407749662274,0.032
0.9,2,level2_boosted@def,0.03955670511755231,0.032
0.9,2,level2_boosted_calibrated@def,0.0518668221624668,0.032
0.9,2,level3_aipw_plain@def,0.04261987015753327,0.032
0.9,2,level3_aipw_hajek@def,0.04072692679105047,0.032
0.9,2,level2_boosted@sel,0.04271742557365297,0.032
0.9,2,level2_boosted_calibrated@sel,0.044760254714026275,0.032
0.9,2,level3_aipw_plain@sel,0.04070088739956827,0.032
0.9,2,level3_aipw_hajek@sel,0.04071033925923815,0.032
0.9,3,naive_delivered_vs_control,0.051610395472359655,0.032
0.9,3,itt,0.001414698714891123,0.0011598239032173338
0.9,3,late,0.039032096813090895,0.032
0.9,3,level1_logistic,0.03974600873848202,0.032
0.9,3,level2_boosted@def,0.038946959101002876,0.032
0.9,3,level2_boosted_calibrated@def,0.050190428588743494,0.032
0.9,3,level3_aipw_plain@def,0.041743026361990024,0.032
0.9,3,level3_aipw_hajek@def,0.04048685818280741,0.032
0.9,3,level2_boosted@sel,0.04169094589209812,0.032
0.9,3,level2_boosted_calibrated@sel,0.04342848326389611,0.032
0.9,3,level3_aipw_plain@sel,0.040074558151490365,0.032
0.9,3,level3_aipw_hajek@sel,0.04008117890153733,0.032
0.9,4,naive_delivered_vs_control,0.051174050090211094,0.032
0.9,4,itt,0.0011013861681282815,0.0011529892087671168
0.9,4,late,0.030567812007357423,0.032
0.9,4,level1_logistic,0.0401424288712309,0.032
0.9,4,level2_boosted@def,0.03988991784569302,0.032
0.9,4,level2_boosted_calibrated@def,0.05052051103526481,0.032
0.9,4,level3_aipw_plain@def,0.03790172711694693,0.032
0.9,4,level3_aipw_hajek@def,0.03730667673363054,0.032
0.9,4,level2_boosted@sel,0.0417858036487999,0.032
0.9,4,level2_boosted_calibrated@sel,0.04265357629330119,0.032
0.9,4,level3_aipw_plain@sel,0.04054042337535152,0.032
0.9,4,level3_aipw_hajek@sel,0.0405468558153148,0.032
0.9,5,naive_delivered_vs_control,0.05223736963478722,0.032
0.9,5,itt,0.00120810504024843,0.0011539538879800392
0.9,5,late,0.03350165174764633,0.032
0.9,5,level1_logistic,0.039910399482310094,0.032
0.9,5,level2_boosted@def,0.03730592180911388,0.032
0.9,5,level2_boosted_calibrated@def,0.05049003627454171,0.032
0.9,5,level3_aipw_plain@def,0.0391344519720872,0.032
0.9,5,level3_aipw_hajek@def,0.036002475090230954,0.032
0.9,5,level2_boosted@sel,0.04151630895066016,0.032
0.9,5,level2_boosted_calibrated@sel,0.04301175967410987,0.032
0.9,5,level3_aipw_plain@sel,0.03973496196814601,0.032
0.9,5,level3_aipw_hajek@sel,0.03974104079536288,0.032
0.9,6,naive_delivered_vs_control,0.053661033133957044,0.032
0.9,6,itt,0.0013291143957239225,0.0011602983938374845
0.9,6,late,0.036655795516961354,0.032
0.9,6,level1_logistic,0.04236100379827056,0.032
0.9,6,level2_boosted@def,0.04108642932727769,0.032
0.9,6,level2_boosted_calibrated@def,0.052600296139252226,0.032
0.9,6,level3_aipw_plain@def,0.04095009019582001,0.032
0.9,6,level3_aipw_hajek@def,0.04040425650675334,0.032
0.9,6,level2_boosted@sel,0.04353001655645585,0.032
0.9,6,level2_boosted_calibrated@sel,0.04581353582864115,0.032
0.9,6,level3_aipw_plain@sel,0.04096853340698518,0.032
0.9,6,level3_aipw_hajek@sel,0.0409825958111271,0.032
0.9,7,naive_delivered_vs_control,0.050682255317599685,0.032
0.9,7,itt,0.0013368176746086497,0.0011591770470396085
0.9,7,late,0.03690391014619105,0.032
0.9,7,level1_logistic,0.03882464556892372,0.032
0.9,7,level2_boosted@def,0.03694638191111993,0.032
0.9,7,level2_boosted_calibrated@def,0.048574186652222004,0.032
0.9,7,level3_aipw_plain@def,0.03913828738387018,0.032
0.9,7,level3_aipw_hajek@def,0.03911837685622592,0.032
0.9,7,level2_boosted@sel,0.04018246795017693,0.032
0.9,7,level2_boosted_calibrated@sel,0.04237002116235247,0.032
0.9,7,level3_aipw_plain@sel,0.038274517678851934,0.032
0.9,7,level3_aipw_hajek@sel,0.03828560381362636,0.032
0.9,8,naive_delivered_vs_control,0.05198163553741866,0.032
0.9,8,itt,0.0013108532494994086,0.001153127720140212
0.9,8,late,0.03637697997484666,0.032
0.9,8,level1_logistic,0.04093309503066232,0.032
0.9,8,level2_boosted@def,0.03816132070984031,0.032
0.9,8,level2_boosted_calibrated@def,0.04970244346533704,0.032
0.9,8,level3_aipw_plain@def,0.041603632629967455,0.032
0.9,8,level3_aipw_hajek@def,0.03729055270406494,0.032
0.9,8,level2_boosted@sel,0.042196743344012196,0.032
0.9,8,level2_boosted_calibrated@sel,0.04382036564691372,0.032
0.9,8,level3_aipw_plain@sel,0.040630960364244365,0.032
0.9,8,level3_aipw_hajek@sel,0.040640515872532444,0.032
0.9,9,naive_delivered_vs_control,0.05355871908345577,0.032
0.9,9,itt,0.0013207516160950868,0.001157674810049849
0.9,9,late,0.036507706091681226,0.032
0.9,9,level1_logistic,0.04312767489951695,0.032
0.9,9,level2_boosted@def,0.03930710567154415,0.032
0.9,9,level2_boosted_calibrated@def,0.051502149217024853,0.032
0.9,9,level3_aipw_plain@def,0.04168240395265431,0.032
0.9,9,level3_aipw_hajek@def,0.04078853496939042,0.032
0.9,9,level2_boosted@sel,0.04362639342035737,0.032
0.9,9,level2_boosted_calibrated@sel,0.04558266647298209,0.032
0.9,9,level3_aipw_plain@sel,0.0420189851445252,0.032
0.9,9,level3_aipw_hajek@sel,0.042025945425531855,0.032
0.9,10,naive_delivered_vs_control,0.0524862318958171,0.032
0.9,10,itt,0.001477072302631959,0.001140838415859442
0.9,10,late,0.04143120798453738,0.032
0.9,10,level1_logistic,0.0391498479387355,0.032
0.9,10,level2_boosted@def,0.035861012338700704,0.032
0.9,10,level2_boosted_calibrated@def,0.05067431660076383,0.032
0.9,10,level3_aipw_plain@def,0.03923436841533176,0.032
0.9,10,level3_aipw_hajek@def,0.03689201868342902,0.032
0.9,10,level2_boosted@sel,0.04077172880245769,0.032
0.9,10,level2_boosted_calibrated@sel,0.042441305622041826,0.032
0.9,10,level3_aipw_plain@sel,0.03976562472190652,0.032
0.9,10,level3_aipw_hajek@sel,0.039770088393205984,0.032
0.9,11,naive_delivered_vs_control,0.05397959687633262,0.032
0.9,11,itt,0.0012986308627805023,0.0011535886800893098
0.9,11,late,0.03602340099744983,0.032
0.9,11,level1_logistic,0.04428203691506391,0.032
0.9,11,level2_boosted@def,0.04107380226447033,0.032
0.9,11,level2_boosted_calibrated@def,0.052306286253404666,0.032
0.9,11,level3_aipw_plain@def,0.04117381993864044,0.032
0.9,11,level3_aipw_hajek@def,0.041158202022932286,0.032
0.9,11,level2_boosted@sel,0.04448988061469432,0.032
0.9,11,level2_boosted_calibrated@sel,0.04643381314136583,0.032
0.9,11,level3_aipw_plain@sel,0.0424967356052945,0.032
0.9,11,level3_aipw_hajek@sel,0.04250315303357781,0.032
0.95,0,naive_delivered_vs_control,0.05351354888803374,0.032
0.95,0,itt,0.0013282543609195471,0.0011481519225492887
0.95,0,late,0.03701961274867861,0.032
0.95,0,level1_logistic,0.04069129786219839,0.032
0.95,0,level2_boosted@def,0.037917689367827453,0.032
0.95,0,level2_boosted_calibrated@def,0.050838120258116126,0.032
0.95,0,level3_aipw_plain@def,0.09352424812178103,0.032
0.95,0,level3_aipw_hajek@def,0.05446027630084349,0.032
0.95,0,level2_boosted@sel,0.04206379434895499,0.032
0.95,0,level2_boosted_calibrated@sel,0.04486977769560658,0.032
0.95,0,level3_aipw_plain@sel,0.03964193979995495,0.032
0.95,0,level3_aipw_hajek@sel,0.039649623514599316,0.032
0.95,1,naive_delivered_vs_control,0.052200787099663463,0.032
0.95,1,itt,0.0011594409307129645,0.0011507215738723387
0.95,1,late,0.03224247344034847,0.032
0.95,1,level1_logistic,0.039936532517887986,0.032
0.95,1,level2_boosted@def,0.038160742562671934,0.032
0.95,1,level2_boosted_calibrated@def,0.05108171576518823,0.032
0.95,1,level3_aipw_plain@def,0.0398154576041449,0.032
0.95,1,level3_aipw_hajek@def,0.039597678691645335,0.032
0.95,1,level2_boosted@sel,0.042450513517860486,0.032
0.95,1,level2_boosted_calibrated@sel,0.04395520663790042,0.032
0.95,1,level3_aipw_plain@sel,0.039538073641404214,0.032
0.95,1,level3_aipw_hajek@sel,0.03955202682729428,0.032
0.95,2,naive_delivered_vs_control,0.052499417483918565,0.032
0.95,2,itt,0.0008455757488682243,0.0011465885885179655
0.95,2,late,0.023599069653011125,0.032
0.95,2,level1_logistic,0.04025494572655656,0.032
0.95,2,level2_boosted@def,0.037217808022444274,0.032
0.95,2,level2_boosted_calibrated@def,0.05193493492268299,0.032
0.95,2,level3_aipw_plain@def,0.03962402092317942,0.032
0.95,2,level3_aipw_hajek@def,0.03681065856602184,0.032
0.95,2,level2_boosted@sel,0.04182961682494829,0.032
0.95,2,level2_boosted_calibrated@sel,0.043756144370324906,0.032
0.95,2,level3_aipw_plain@sel,0.039878929733978274,0.032
0.95,2,level3_aipw_hajek@sel,0.03989072850242949,0.032
0.95,3,naive_delivered_vs_control,0.050602023713788274,0.032
0.95,3,itt,0.0012041447555648664,0.001156274827129616
0.95,3,late,0.0333248041676482,0.032
0.95,3,level1_logistic,0.036760466989325016,0.032
0.95,3,level2_boosted@def,0.03635164155631011,0.032
0.95,3,level2_boosted_calibrated@def,0.04900540629025819,0.032
0.95,3,level3_aipw_plain@def,0.03660781720663485,0.032
0.95,3,level3_aipw_hajek@def,0.034163046556974816,0.032
0.95,3,level2_boosted@sel,0.0385230441147304,0.032
0.95,3,level2_boosted_calibrated@sel,0.04073550810543325,0.032
0.95,3,level3_aipw_plain@sel,0.036155421442580216,0.032
0.95,3,level3_aipw_hajek@sel,0.036165294567226,0.032
0.95,4,naive_delivered_vs_control,0.05035112153151196,0.032
0.95,4,itt,0.001128731347501511,0.0011578055895360873
0.95,4,late,0.031196431807278435,0.032
0.95,4,level1_logistic,0.03799874479156985,0.032
0.95,4,level2_boosted@def,0.033355367407752905,0.032
0.95,4,level2_boosted_calibrated@def,0.04837310645391929,0.032
0.95,4,level3_aipw_plain@def,0.03727234700902754,0.032
0.95,4,level3_aipw_hajek@def,0.03610676036159357,0.032
0.95,4,level2_boosted@sel,0.03881228816955237,0.032
0.95,4,level2_boosted_calibrated@sel,0.040569088355036476,0.032
0.95,4,level3_aipw_plain@sel,0.03690136011056695,0.032
0.95,4,level3_aipw_hajek@sel,0.03691159521635942,0.032
0.95,5,naive_delivered_vs_control,0.053090275068460174,0.032
0.95,5,itt,0.0014326360623892202,0.0011730494062856494
0.95,5,late,0.03908134964376043,0.032
0.95,5,level1_logistic,0.038709878938819026,0.032
0.95,5,level2_boosted@def,0.03720739274865531,0.032
0.95,5,level2_boosted_calibrated@def,0.05138123202858282,0.032
0.95,5,level3_aipw_plain@def,0.09359361948179795,0.032
0.95,5,level3_aipw_hajek@def,0.04760138443231516,0.032
0.95,5,level2_boosted@sel,0.040341396290489724,0.032
0.95,5,level2_boosted_calibrated@sel,0.04302594301535128,0.032
0.95,5,level3_aipw_plain@sel,0.03834511746698631,0.032
0.95,5,level3_aipw_hajek@sel,0.038354664413979944,0.032
0.95,6,naive_delivered_vs_control,0.05052573330797388,0.032
0.95,6,itt,0.0009344040518744134,0.0011572136709585236
0.95,6,late,0.025838728326821617,0.032
0.95,6,level1_logistic,0.040312017150576814,0.032
0.95,6,level2_boosted@def,0.03621603070428807,0.032
0.95,6,level2_boosted_calibrated@def,0.05035491113911107,0.032
0.95,6,level3_aipw_plain@def,0.03678049463751798,0.032
0.95,6,level3_aipw_hajek@def,0.03507385161160605,0.032
0.95,6,level2_boosted@sel,0.04022070968200146,0.032
0.95,6,level2_boosted_calibrated@sel,0.04234182871272159,0.032
0.95,6,level3_aipw_plain@sel,0.038011448615028406,0.032
0.95,6,level3_aipw_hajek@sel,0.03802580523462272,0.032
0.95,7,naive_delivered_vs_control,0.048578473484677066,0.032
0.95,7,itt,0.001067128797208566,0.0011540798415328947
0.95,7,late,0.029589045992968056,0.032
0.95,7,level1_logistic,0.03560829373941735,0.032
0.95,7,level2_boosted@def,0.03373882873023608,0.032
0.95,7,level2_boosted_calibrated@def,0.047912573178743104,0.032
0.95,7,level3_aipw_plain@def,0.06578692494035224,0.032
0.95,7,level3_aipw_hajek@def,0.039863147050215715,0.032
0.95,7,level2_boosted@sel,0.03724162991390142,0.032
0.95,7,level2_boosted_calibrated@sel,0.03896805618278991,0.032
0.95,7,level3_aipw_plain@sel,0.03429675932090292,0.032
0.95,7,level3_aipw_hajek@sel,0.03431385039510632,0.032
0.95,8,naive_delivered_vs_control,0.04975065664960473,0.032
0.95,8,itt,0.0009780262524195509,0.001168469885140408
0.95,8,late,0.026784464431160653,0.032
0.95,8,level1_logistic,0.037027377714045,0.032
0.95,8,level2_boosted@def,0.03488955552389392,0.032
0.95,8,level2_boosted_calibrated@def,0.04774950387172287,0.032
0.95,8,level3_aipw_plain@def,0.03689966223328739,0.032
0.95,8,level3_aipw_hajek@def,0.03548285697321256,0.032
0.95,8,level2_boosted@sel,0.03892583016158225,0.032
0.95,8,level2_boosted_calibrated@sel,0.04111889318418902,0.032
0.95,8,level3_aipw_plain@sel,0.03669843048649106,0.032
0.95,8,level3_aipw_hajek@sel,0.036710786024207694,0.032
0.95,9,naive_delivered_vs_control,0.051582697287336964,0.032
0.95,9,itt,0.0009883250576845594,0.0011452141591254844
0.95,9,late,0.027616146372183046,0.032
0.95,9,level1_logistic,0.037656978303527815,0.032
0.95,9,level2_boosted@def,0.03596722819917196,0.032
0.95,9,level2_boosted_calibrated@def,0.05058364370272255,0.032
0.95,9,level3_aipw_plain@def,0.037245200175723685,0.032
0.95,9,level3_aipw_hajek@def,0.03715236750706964,0.032
0.95,9,level2_boosted@sel,0.039448200358852534,0.032
0.95,9,level2_boosted_calibrated@sel,0.04088565712059858,0.032
0.95,9,level3_aipw_plain@sel,0.03685037936731056,0.032
0.95,9,level3_aipw_hajek@sel,0.03686055777714774,0.032
0.95,10,naive_delivered_vs_control,0.05458809493866381,0.032
0.95,10,itt,0.001111956074278313,0.001138785567430984
0.95,10,late,0.031246088284362192,0.032
0.95,10,level1_logistic,0.042994409277877975,0.032
0.95,10,level2_boosted@def,0.041015090879830934,0.032
0.95,10,level2_boosted_calibrated@def,0.05493244849655937,0.032
0.95,10,level3_aipw_plain@def,0.04136357735270467,0.032
0.95,10,level3_aipw_hajek@def,0.036012072220930835,0.032
0.95,10,level2_boosted@sel,0.04423590580146147,0.032
0.95,10,level2_boosted_calibrated@sel,0.04656668798943176,0.032
0.95,10,level3_aipw_plain@sel,0.041427561700298515,0.032
0.95,10,level3_aipw_hajek@sel,0.041445759303306594,0.032
0.95,11,naive_delivered_vs_control,0.05188186927861315,0.032
0.95,11,itt,0.0012784390408481312,0.0011511857145379255
0.95,11,late,0.0355373149531838,0.032
0.95,11,level1_logistic,0.04001094652921924,0.032
0.95,11,level2_boosted@def,0.03752949579787789,0.032
0.95,11,level2_boosted_calibrated@def,0.050647085729482864,0.032
0.95,11,level3_aipw_plain@def,0.03781700762362472,0.032
0.95,11,level3_aipw_hajek@def,0.037061272924691094,0.032
0.95,11,level2_boosted@sel,0.039998022649801984,0.032
0.95,11,level2_boosted_calibrated@sel,0.04207963559404169,0.032
0.95,11,level3_aipw_plain@sel,0.03765249755913287,0.032
0.95,11,level3_aipw_hajek@sel,0.03765808752450159,0.032
